ponto_de_coleta,referencia,balneario_nome,municipio,lon,lat
1,BAL. BRASÍLIA - FINAL DA AVENIDA 650,PRAIA DE ITAPOÁ,ITAPOÁ,-48.61064954994685,-26.06486767369552
2,BAL. PAESE - ENTRE A RUA 1020 E 1030,PRAIA DE ITAPOÁ,ITAPOÁ,-48.603848889955664,-26.085764873822534
3,BAL. PALMEIRAS - RUA 1970,PRAIA DE ITAPOÁ,ITAPOÁ,-48.59794811426442,-26.131928058450256
4,BAL. BARRA DO SAÍ - RUA 20,PRAIA DE ITAPOÁ,ITAPOÁ,-48.604323398228715,-26.0074182771805
1,50 METROS À ESQUERDA DO TRAPICHE,PRAIA DE VIGORELLI,JOINVILLE,-48.76637601565912,-26.22446863507169
1,EM FRENTE AO POSTO SALVA VIDAS,PRAIA DA ENSEADA,SÃO FRANCISCO DO SUL,-48.50877,-26.226319
2,FRENTE À RUA MINAS GERAIS,PRAIA DA ENSEADA,SÃO FRANCISCO DO SUL,-48.504591,-26.226304
8,FRENTE À RUA ACRE,PRAIA DA ENSEADA,SÃO FRANCISCO DO SUL,-48.515242,-26.223465
3,FRENTE À RUA MANILA,PRAIA DE ITAGUAÇÚ,SÃO FRANCISCO DO SUL,-48.528095,-26.190063
4,FRENTE AO POSTO SALVA VIDAS,PRAIA DE UBATUBA,SÃO FRANCISCO DO SUL,-48.52803203865715,-26.201199310583007
5,FRENTE À RUA INGLATERRA,PRAIA DO CAPRI,SÃO FRANCISCO DO SUL,-48.572119112464165,-26.186211656396193
6,FRENTE A PRAÇA DA FIGUEIRA,PRAIA DOS PAULAS,SÃO FRANCISCO DO SUL,-48.626753210638,-26.2300966994788
7,FRENTE A PRAÇA DO INGLÊS,PRAIA DOS PAULAS,SÃO FRANCISCO DO SUL,-48.62950323496,-26.231170935999
1,"PRAIA DO BISPO, FRENTE A CAPELA DOS NAVEGANTES",PRAIA DA BARRA DO SUL,BALNEÁRIO DA BARRA DO SUL,-48.608029709939,-26.469155226388
2,PRAINHA DA FOZ DO CANAL DO LINGUADO,CANAL DO LINGUADO,BALNEÁRIO DA BARRA DO SUL,-48.597740383673,-26.455229155902
1,"AV. ARMANDO PETRELI, NA ALTURA DO Nº555",PRAIA DA BARRA VELHA,BARRA VELHA,-48.68011973147956,-26.62795231635277
2,FRENTE À RUA HUMBERTO PIMENTEL,PRAIA DA BARRA VELHA,BARRA VELHA,-48.68083682191268,-26.63420904806476
3,RUA ANTONIO R. DA G. MOURA,PRAIA DA BARRA VELHA,BARRA VELHA,-48.6827445033012,-26.63820196729777
5,"RUA DR. PLACIDO GOMES DE OLIVEIRA, ALTURA Nº336",LAGOA DE BARRA VELHA,BARRA VELHA,-48.68252402776889,-26.63022061263414
1,FRENTE A RUA NAKLE FRANCISCO,PRAIA DE PIÇARRAS,PIÇARRAS,-48.66804209837801,-26.767936190230245
2,"FTE AV GETULIO VARGAS, ESQUERDA DO MOLHE",PRAIA DE PIÇARRAS,PIÇARRAS,-48.674808145853035,-26.75757002097944
1,FRENTE À TRAV. PARTICULAR MARCELO DOS SANTOS,PRAIA ALEGRE,PENHA,-48.65425933610359,-26.772311039294166
2,FOZ DO RIO PIÇARRAS,PRAIA ALEGRE,PENHA,-48.65936119863507,-26.77208861870927
3,FTE R. INÊS DE SOUZA - PRAIA DO QUILOMBO,PRAIA DA ARMAÇÃO DO ITAPOCORÓI,PENHA,-48.63858966526591,-26.77307941168229
4,"FTE R. BLUMENAU, 5450 - PRAIA DA FORTALEZA",PRAIA DA ARMAÇÃO DO ITAPOCORÓI,PENHA,-48.615315,-26.790383
5,EM FRENTE À RUA MARIA EMÍLIA COSTA,PRAIA DA ARMAÇÃO DO ITAPOCORÓI,PENHA,-48.605410168309525,-26.788504107485668
11,EM FRENTE À RUA ANTONIO ANICETO DA COSTA,PRAIA DA ARMAÇÃO DO ITAPOCORÓI,PENHA,-48.60333271971861,-26.785445858952347
6,NA ENTRADA DA PRAIA,PRAIA DA SAUDADE,PENHA,-48.64430916627947,-26.76582885159652
7,FRENTE À RÓTULA DE RETORNO (BACIA DA VOVÓ),PRAINHA DA PENHA,PENHA,-48.646817,-26.762726
8,PRÓXIMO AS PEDRAS,PRAIA GRANDE,PENHA,-48.597555946889585,-26.780926120933383
9,FRENTE À RUA PRINCIPAL DE ACESSO,PRAIA VERMELHA,PENHA,-48.597413352637375,-26.803438905179554
10,EM FRENTE À RUA ARNO BECKER,PRAIA DE SÃO MIGUEL,PENHA,-48.61456561743151,-26.824755403931803
2,FRENTE À RUA 8150-POSTO 7 SALVA VIDAS,PRAIA DE NAVEGANTES,NAVEGANTES,-48.62538566060548,-26.830189566144565
3,FRENTE A RUA JULIA C. DO NASCIMENTO,PRAIA DE NAVEGANTES,NAVEGANTES,-48.630516262055636,-26.83982324323614
4,FOZ DO RIO GRAVATÁ,PRAIA DE NAVEGANTES,NAVEGANTES,-48.62213763800459,-26.826290684555033
1,FRENTE A RUA QUINTINO BOCAIÚVA,PRAIA DE CABEÇUDAS,ITAJAÍ,-48.632902803689,-26.927564876419
2,FRENTE AO POSTO SALVA VIDAS,PRAIA DO ATALAIA,ITAJAÍ,-48.640969610763,-26.9196955875352
3,AV. JOSÉ M. VIEIRA EM FRENTE A RUA DOCA REBELLO,PRAIA BRAVA,ITAJAÍ,-48.629288511291,-26.9554698185621
4,"FTE À SAÍDA DA LAGOA, R. JOSÉ MANOEL C. SILVA",PRAIA BRAVA,ITAJAÍ,-48.6277175413,-26.9405717209252
1,PONTAL NORTE,PRAIA DO BALN. CAMBORIÚ,BALNEÁRIO CAMBORIÚ,-48.6327700443469,-26.9724484643764
2,FRENTE À RUA 1001,PRAIA DO BALN. CAMBORIÚ,BALNEÁRIO CAMBORIÚ,-48.63347627600174,-26.98346065825088
3,FRENTE À RUA 2000,PRAIA DO BALN. CAMBORIÚ,BALNEÁRIO CAMBORIÚ,-48.62850128539494,-26.99062329018414
4,FRENTE À RUA 3000,PRAIA DO BALN. CAMBORIÚ,BALNEÁRIO CAMBORIÚ,-48.624651927001864,-26.996442076703072
5,PONTAL SUL - FRENTE À RUA 4900,PRAIA DO BALN. CAMBORIÚ,BALNEÁRIO CAMBORIÚ,-48.605126891787386,-27.005108231036534
10,FRENTE À RUA 4000,PRAIA DO BALN. CAMBORIÚ,BALNEÁRIO CAMBORIÚ,-48.61684533206998,-27.003583501805622
11,FRENTE À RUA 3500,PRAIA DO BALN. CAMBORIÚ,BALNEÁRIO CAMBORIÚ,-48.622267464713,-26.999172202597233
12,FRENTE À RUA 2500,PRAIA DO BALN. CAMBORIÚ,BALNEÁRIO CAMBORIÚ,-48.62732889853186,-26.99416803336615
13,FRENTE À RUA 1400,PRAIA DO BALN. CAMBORIÚ,BALNEÁRIO CAMBORIÚ,-48.6299176595396,-26.98840917135418
14,FRENTE À RUA 51,PRAIA DO BALN. CAMBORIÚ,BALNEÁRIO CAMBORIÚ,-48.631947,-26.986498
6,NO MEIO DA PRAIA,PRAIA DE LARANJEIRAS,BALNEÁRIO CAMBORIÚ,-48.59102230355759,-26.997120455615615
7,ENTRE R. DOMINGOS FONSECA E NAPOLEÃO VIEIRA,PRAIA DO ESTALEIRO,BALNEÁRIO CAMBORIÚ,-48.58220380621382,-27.033073681887842
8,EM FRENTE A ESCOLA MUNICIPAL,PRAIA DE TAQUARAS,BALNEÁRIO CAMBORIÚ,-48.579161591488074,-27.009988206448988
9,LAGOA DE TAQUARAS,PRAIA DE TAQUARAS,BALNEÁRIO CAMBORIÚ,-48.57857363479878,-27.01109704679605
1,Rua 113,PRAIA DE ITAPEMA,ITAPEMA,-48.60888031327,-27.0918013872479
2,Rua 149,PRAIA DE ITAPEMA,ITAPEMA,-48.613526803837,-27.101373497089
3,Rua 227,PRAIA DE ITAPEMA,ITAPEMA,-48.60309903789,-27.1241705200084
4,Rua 319,PRAIA DE ITAPEMA,ITAPEMA,-48.58721331191009,-27.143060272107377
5,Rua 205,PRAIA DE ITAPEMA,ITAPEMA,-48.607453,-27.116662
7,Rua 129 E 1 - sul do rio Bela Cruz,PRAIA DE ITAPEMA,ITAPEMA,-48.612663911291925,-27.095010539370303
8,Rua 261,PRAIA DE ITAPEMA,ITAPEMA,-48.596826,-27.131983
9,Rua 163,PRAIA DE ITAPEMA,ITAPEMA,-48.612675002660396,-27.106841012239048
1,Rua Manoel F. da S. Neto - ao lado do trapiche,PRAIA DE PORTO BELO,PORTO BELO,-48.54495362189123,-27.15446381672664
2,Rua João B. Guerreiro,PRAIA DE PORTO BELO,PORTO BELO,-48.552685,-27.157488
6,Rua Cap. Gualberto Leal Nunes,PRAIA DE PORTO BELO,PORTO BELO,-48.54302205210671,-27.151921450344062
3,Foz do rio Perequezinho,PRAIA DE PEREQUÊ,PORTO BELO,-48.564243,-27.155668
4,Rua Rubens Alves,PRAIA DE PEREQUÊ,PORTO BELO,-48.571603,-27.152644
5,Rua Alm. Fonseca Neves,PRAIA DE PEREQUÊ,PORTO BELO,-48.582959,-27.145636
1,"Av. Ver. Manoel José dos Santos, 1.149",PRAIA DE BOMBINHAS,BOMBINHAS,-48.49115201961551,-27.14792174465255
6,"canto direito da praia, próximo ao riacho",PRAIA DE BOMBINHAS,BOMBINHAS,-48.48383546886718,-27.1480884648508
7,Rua Castanheta,PRAIA DE BOMBINHAS,BOMBINHAS,-48.49454074140273,-27.146583694616677
2,Rua Martin Pescador,PRAIA DE BOMBAS,BOMBINHAS,-48.50760898645682,-27.14040085817028
4,Rua Tiriba,PRAIA DE BOMBAS,BOMBINHAS,-48.50012298383225,-27.145934345632714
5,Rua Ariramba à esquerda do riacho,PRAIA DE BOMBAS,BOMBINHAS,-48.51280584489044,-27.13345481379452
3,"Av. Água Marinha, altura do nº 3.244",PRAIA DO MARISCAL,BOMBINHAS,-48.49875772585622,-27.17143703811551
8,Rua Jequiti próximo ao trapiche,PRAIA DO CANTO GRANDE,BOMBINHAS,-48.49890475826328,-27.20056691224584
1,No meio da praia,PRAIA DA ARMAÇÃO DA PIEDADE,GOVERNADOR CELSO RAMOS,-48.534590232724,-27.3792030009992
2,Av. Aderbal Ramos da Silva,PRAIA DE PALMAS,GOVERNADOR CELSO RAMOS,-48.53835758628,-27.324055996788
3,À direita do trapiche,PRAIA DA BAIA DOS GOLFINHOS,GOVERNADOR CELSO RAMOS,-48.5617690047548,-27.4045942209226
1,em frente ao aqueduto,PRAIA DE SÃO MIGUEL,BIGUAÇÚ,-48.6330515894704,-27.45225819152898
1,FRENTE À RUA ELESBÃO PINTO DA LUZ,PRAIA DO JARDIM ATLÂNTICO,FLORIANÓPOLIS,-48.5973044209087,-27.5738221075775
2,EM FRENTE À RUA JOSÉ CÂNDIDO DA SILVA,PRAIA DO BALNEÁRIO,FLORIANÓPOLIS,-48.57845402874648,-27.57778961702028
3,BELMIRA ISABEL MARTINS,PRAIA DO MATADOURO,FLORIANÓPOLIS,-48.5764904152094,-27.5869590098687
4,CANTO ESQUERDO DA PRAIA,PRAIA DA SAUDADE,FLORIANÓPOLIS,-48.5795184931059,-27.61091429561392
5,NO MEIO DA PRAIA,PRAIA DO MEIO,FLORIANÓPOLIS,-48.5851311167437,-27.61363788356
6,ENTRE O TRÊVO E A RUA EUCLIDES DA CUNHA,PRAIA DO ITAGUAÇU,FLORIANÓPOLIS,-48.591863530093,-27.61704842388698
7,NO MEIO DA PRAIA,PRAIA DAS PALMEIRAS,FLORIANÓPOLIS,-48.5950772816238,-27.6160033597746
8,FRENTE À RUA TEÓFILO ALMEIDA,PRAIA DO BOM ABRIGO,FLORIANÓPOLIS,-48.597005293926,-27.6121387401247
9,PRÓXIMO AO Nº 4000 DA ROD. HAROLDO S. GLAVAN,PRAIA DO CACUPÉ,FLORIANÓPOLIS,-48.52543766534,-27.53248835197
10,NO MEIO DA PRAIA,PRAIA DO CACUPÉ,FLORIANÓPOLIS,-48.524921429456,-27.5424225552425
11,EM FRENTE AO MONUMENTO DA POLÍCIA MILITAR,PRAIA DA BEIRA MAR NORTE,FLORIANÓPOLIS,-48.5494123880114,-27.58461570956294
12,EM FTE A PÇ ROLDÃO DA ROCHA PIRES,PRAIA DE SANTO ANTÔNIO DE LISBOA,FLORIANÓPOLIS,-48.51998071371375,-27.5077491276534
13,FRENTE À SERVIDÃO HIPÓLITO MACHADO,PRAIA DE SANTO ANTÔNIO DE LISBOA,FLORIANÓPOLIS,-48.522624442937,-27.5053780757117
14,FRENTE À RUA SERVIDÃO PARAÍSO DAS FLORES,PRAIA DE SAMBAQUI,FLORIANÓPOLIS,-48.525466891173,-27.4945739148044
15,PONTA DO SAMBAQUI,PRAIA DE SAMBAQUI,FLORIANÓPOLIS,-48.537968107323,-27.4893457910334
16,FRENTE À RUA DOS CACTOS,PRAIA DA DANIELA,FLORIANÓPOLIS,-48.52451797810759,-27.44470430878503
17,NA ENTRADA DA PRAIA,PRAIA DO FORTE,FLORIANÓPOLIS,-48.519843372842,-27.433946767139
18,FRENTE A RUA DAS MOREIAS,PRAIA DE JURERE,FLORIANÓPOLIS,-48.49086356701009,-27.43783097538259
19,FRENTE A ROD. MAURICIO SIROTSKY SOBRINHO,PRAIA DE JURERE,FLORIANÓPOLIS,-48.486299171808,-27.437983266962
54,FRENTE A RUA LUIS RAMPA,PRAIA DE JURERE,FLORIANÓPOLIS,-48.482845571281,-27.437316350952
68,FRENTE A RUA VALDEMAR MEDEIROS,PRAIA DE JURERE,FLORIANÓPOLIS,-48.47936449281,-27.4316320799
20,EM FRENTE À RUA DAS FLÔRES,PRAIA DE CANASVIEIRAS,FLORIANÓPOLIS,-48.4650189475903,-27.4274828677218
21,EM FRENTE A AVENIDA DAS NAÇÕES,PRAIA DE CANASVIEIRAS,FLORIANÓPOLIS,-48.4583536742183,-27.427108778624
22,LADO ESQUERDO DO TRAPICHE,PRAIA DE CANASVIEIRAS,FLORIANÓPOLIS,-48.45018893125,-27.42598510565
55,FRENTE A RUA HEITOR BITENCOURT,PRAIA DE CANASVIEIRAS,FLORIANÓPOLIS,-48.468766212287,-27.427226180778
59,FRENTE A RUA ACARí MARGARIDA,PRAIA DE CANASVIEIRAS,FLORIANÓPOLIS,-48.467120115208,-27.427575224575
60,CANTO ESQUERDO DA PRAIA PRÓX. AS PEDRAS,PRAIA DE CANASVIEIRAS,FLORIANÓPOLIS,-48.472483313135,-27.426517696928
23,100 METROS À ESQUERDA DA IGREJA,PRAIA DE PONTA DAS CANAS,FLORIANÓPOLIS,-48.4347983330746,-27.395828009926
67,ALTURA DO Nº5.281 DA ESTRADA GERAL (NA LAGOA),PRAIA DE PONTA DAS CANAS,FLORIANÓPOLIS,-48.42769481853,-27.402680772137
24,"PRÓXIMO À FOZ DO RIACHO (COSTÃO SUL, NO MAR)",PRAIA BRAVA,FLORIANÓPOLIS,-48.410910365521,-27.404968564078
25,EM FRENTE AO POSTO  SALVA VIDAS,PRAIA BRAVA,FLORIANÓPOLIS,-48.41367040622632,-27.39758506784498
26,ESQUERDA DA SAIDA DA LAGOA,PRAIA DA LAGOINHA,FLORIANÓPOLIS,-48.420900848048,-27.3887684265592
27,FRENTE DO RIO CAPIVARI,PRAIA DOS INGLESES,FLORIANÓPOLIS,-48.3984399927141,-27.4258945060097
28,FRENTE AO POSTO SALVA VIDAS,PRAIA DOS INGLESES,FLORIANÓPOLIS,-48.39056879473686,-27.435969912488
29,EM FRENTE À RUA DA IGREJA,PRAIA DOS INGLESES,FLORIANÓPOLIS,-48.3766188451383,-27.4434491918398
57,FRENTE À RUA DO SIRI,PRAIA DOS INGLESES,FLORIANÓPOLIS,-48.3864187900595,-27.4391402283861
58,FRENTE À RUA DANTE DE PATA,PRAIA DOS INGLESES,FLORIANÓPOLIS,-48.392892,-27.433592
31,200 METROS À ESQUERDA DO COSTÃO SUL,PRAIA DO SANTINHO,FLORIANÓPOLIS,-48.3761103331993,-27.4636410591801
32,APROXIMADAMENTE 50 METROS À ESQ. DOS MOLHES,PRAIA DA BARRA DA LAGOA,FLORIANÓPOLIS,-48.42333433387406,-27.5739682074886
33,EM FRENTE AO POSTO SALVA VIDAS,PRAIA DA JOAQUINA,FLORIANÓPOLIS,-48.44823099512896,-27.62907846483125
35,FRENTE À AVENIDA PEQUENO PRINCIPE,PRAIA DO CAMPECHE,FLORIANÓPOLIS,-48.481243339719,-27.6901707000176
63,ALTURA Nº 12.820 DA ESTRADA GERAL DO RIBEIRÃO,PRAIA DA CAIACANGAÇÚ,FLORIANÓPOLIS,-48.5726988747967,-27.7599284876114
37,FRENTE À SERVIDÃO PEDRO MANUEL FERNANDES,LAGOA DA CONCEIÇÃO,FLORIANÓPOLIS,-48.4444270121756,-27.60923978368693
38,NOS TRAPICHES DOS SERVIÇOS DE TRANSPORTES,LAGOA DA CONCEIÇÃO,FLORIANÓPOLIS,-48.4637536230621,-27.604785439816
39,FRENTE À RUA DE ACESSO À PRAIA DA JOAQUINA,LAGOA DA CONCEIÇÃO,FLORIANÓPOLIS,-48.4421599763135,-27.6087288145788
41,CANTO DA LAGOA - AO LADO DO POSTO DE SAÚDE,LAGOA DA CONCEIÇÃO,FLORIANÓPOLIS,-48.48387858772162,-27.61585301139431
43,FRENTE AO ACESSO PARA O RIO TAVARES,LAGOA DA CONCEIÇÃO,FLORIANÓPOLIS,-48.46202030343408,-27.60660339429657
61,ALTURA Nº 1480 DA AV. DAS RENDEIRAS,LAGOA DA CONCEIÇÃO,FLORIANÓPOLIS,-48.45013654499001,-27.60892982889886
62,FRENTE A RUA MANUEL ISIDORO DA SILVEIRA,LAGOA DA CONCEIÇÃO,FLORIANÓPOLIS,-48.4657013103617,-27.6050917215185
66,ALTURA DO Nº 2267 DA AV. OSNI ORTIGA,LAGOA DA CONCEIÇÃO,FLORIANÓPOLIS,-48.46828830743611,-27.62603563108095
44,EM FRENTE A IGREJA DA VILA,PRAIA DA ARMAÇÃO DO PÂNTANO DO SUL,FLORIANÓPOLIS,-48.50264131536068,-27.75018986429381
64,FOZ RIO SANGRADOURO(NO RIO),PRAIA DA ARMAÇÃO DO PÂNTANO DO SUL,FLORIANÓPOLIS,-48.5011923411633,-27.7510208371275
45,FRENTE A RUA ABELARDO OTACILIO GOMES,PRAIA DO PANTANO DO SUL,FLORIANÓPOLIS,-48.50797442,-27.782740904
65,FOZ DO RIO DAS PACAS,PRAIA DA SOLIDÃO,FLORIANÓPOLIS,-48.5342612003906,-27.7952671645009
47,FRENTE À PRAÇA,PRAIA DO RIBEIRÃO DA ILHA,FLORIANÓPOLIS,-48.56449568815,-27.71925291568
48,NO MEIO DA PRAIA,PRAIA DA TAPERA,FLORIANÓPOLIS,-48.568754849876,-27.688595364518
49,AO LADO DO TRAPICHE,PRAIA DA BASE AÉREA,FLORIANÓPOLIS,-48.56779522552024,-27.67747112330876
52,NO MEIO DA PRAIA,PRAIA DO JOSÉ MENDES,FLORIANÓPOLIS,-48.54752607809,-27.61293287423
53,FRENTE A AV. DOS SALMOES,PRAIA DE JURERE INTERNACIONAL,FLORIANÓPOLIS,-48.501681664501,-27.436608832162
56,FRENTE AO TREVO DOS INGLÊSES,PRAIA DA CACHOEIRA DO BOM JESUS,FLORIANÓPOLIS,-48.43512099630686,-27.42036700047639
1,Canto esquerdo da praia,PRAIA DE GUARAREMA,SÃO JOSÉ,-48.631057,-27.637542
1,Rua Canindé,PRAIA DO SONHO,PALHOÇA,-48.587337,-27.836723
2,RUA DOS PESCADORES,PRAIA DA PINHEIRA,PALHOÇA,-48.588786618656414,-27.88432685157649
3,"No rio, em frente à vila",GUARDA DO EMBAÚ,PALHOÇA,-48.590357,-27.903451
4,Rua Antônio Júlio Fagundes,PRAIA DE FORA,PALHOÇA,-48.634415,-27.737512
1,Em frente à praça,PRAIA DE GAROPABA,GAROPABA,-48.6142766940151,-28.0232942299274
2,Rua Lauro S. Muller,PRAIA DE GAROPABA,GAROPABA,-48.618769490638,-28.0224338180355
3,Estrada Geral da praia do Siriú,PRAIA DO SIRIÚ,GAROPABA,-48.62823306755015,-27.9747579129526
1,Canto Sul,PRAIA DO ROSA,IMBITUBA,-48.642437394164,-28.13524048846
2,Próximo à boca da barra,LAGOA DE IBIRAQUERA,IMBITUBA,-48.653592950768,-28.15391989591
3,100 m ao sul da boca da barra,PRAIA DE IBIRAQUERA,IMBITUBA,-48.652536003985,-28.1566357073142
4,"Frente rua Joao Martins, salva vidas",PRAIA DA RIBANCEIRA,IMBITUBA,-48.6624472347849,-28.1900906679166
5,Próximo ao navio encalhado,PRAIA DO PORTO,IMBITUBA,-48.666107973435,-28.217041279202
6,Rua Francisco Moreira Alves,PRAIA DA VILA NOVA,IMBITUBA,-48.66090280183,-28.2445891956746
7,Rua Hans de Schimidt,PRAIA DA VILA NOVA,IMBITUBA,-48.682572024635,-28.266856892078
1,100 m do costão sul,PRAIA DE ITAPIRUBÁ,LAGUNA,-48.707542,-28.341677
2,Em frente ao posto Salva Vidas,PRAIA DO GI,LAGUNA,-48.765902,-28.465272
3,Efrente ao emissário da CASAN,PRAIA DO MAR GROSSO,LAGUNA,-48.76583,-28.481527
4,Em frente ao Km 313 da BR 101,LAGOA DE CABEÇUDAS,LAGUNA,-48.820109,-28.440369
5,No meio da praia,PRAIA DA TERESA,LAGUNA,-48.762815,-28.52486
6,Extrema esquerda da praia,PRAIA DO CARDOSO,LAGUNA,-48.82184145432537,-28.60745059905936
7,Na entrada da praia,PRAINHA DO FAROL,LAGUNA,-48.815708,-28.602376
1,300 m ao sul da foz do arroio Corrente,PRAIA DO ARROIO CORRENTE,JAGUARUNA,-49.016544,-28.69694
2,Na entrada de água do Chuveirão,LAGOA DO ARROIO CORRENTE,JAGUARUNA,-49.018813,-28.692049
3,Próximo à ponte,CANAL DO CAMACHO,JAGUARUNA,-48.85993573165677,-28.61008765260199
1,Rua Camboriú - próximo ao Salva Vidas,LAGOA DOS FREITAS,BALNEARIO RINCÃO,-49.2274106057351,-28.8122714725763
2,Próximo ao trapiche,LAGOA DOS ESTEVES,BALNEARIO RINCÃO,-49.289339097544,-28.8459813958926
3,Parque Verde,LAGOA DO FAXINAL,BALNEARIO RINCÃO,-49.275978,-28.837266
4,Rua Paraná - Calçadão,PRAIA DO RINCÃO,BALNEARIO RINCÃO,-49.22723166855,-28.8331142801195
5,Arroio da Praia do Rincão - No Arroio,PRAIA DO RINCÃO,BALNEARIO RINCÃO,-49.224898,-28.829796
6,Rua Castro Alves,PRAIA DO RINCÃO,BALNEARIO RINCÃO,-49.23180609385,-28.836522183998
7,Rua Manoel José Magé,PRAIA DO RINCÃO,BALNEARIO RINCÃO,-49.236217,-28.839552
8,100 m ao norte do arroio,PRAIA DO RINCÃO,BALNEARIO RINCÃO,-49.222871927,-28.82975417631
1,Em frente ao posto de Salva Vidas Central,PRAIA DO MORRO DOS CONVENTOS,ARARANGUA,-49.36214325002222,-28.94379548061612
1,Rua Vinte de Maio,PRAIA DE PASSO DE TORRES,PASSO DE TORRES,-49.71247,-29.324103
2,Próximo à ponte,BRAÇO MORTO DO RIO MAMPITUBA,PASSO DE TORRES,-49.716839,-29.325569
1,Rua Apolônio I. Cardoso - 100 m ao norte do arroio,PRAIA DO ARROIO DO SILVA,BALN. ARROIO DO SILVA,-49.41000096181783,-28.9875320364582
2,Rua P. Oliveira - 100 m ao sul do arroio,PRAIA DO ARROIO DO SILVA,BALN. ARROIO DO SILVA,-49.41232099147552,-28.98951769356954
3,Av. Mondardo - Foz do arroio,PRAIA DO ARROIO DO SILVA,BALN. ARROIO DO SILVA,-49.41137002319747,-28.98861306962549
1,Av. Itapuan - em frente à praça de esportes,PRAIA DAS GAIVOTAS,BALN. GAIVOTA,-49.57663563054125,-29.16155785381965
2,"na foz do riacho, no mar",ARROIO DA PRAIA DAS GAIVOTAS,BALN. GAIVOTA,-49.573059,-29.157521
69,NO RIACHO,PRAIA BRAVA,FLORIANÓPOLIS,-48.4113937567057,-27.4059159062729
70,FRENTE À RUA ALCINA JANNIS,PRAIA DE PONTA DAS CANAS,FLORIANÓPOLIS,-48.429391997,-27.413647713
71,ACESSO PRINCIPAL,PRAIA MOLE,FLORIANÓPOLIS,-48.432467521022,-27.6026308929178
17,Av. Florianópolis,PRAIA DO ARROIO DO SILVA,BALN. ARROIO DO SILVA,-49.41427346211411,-28.991381663203356
4,no meio da praia,PRAIA DO ANTENOR,GOVERNADOR CELSO RAMOS,-48.57358002585,-27.4266910014494
5,Canto esquerdo em frente ao riacho,PRAIA DO ANTENOR,GOVERNADOR CELSO RAMOS,-48.5726181435784,-27.426746432322
6,Rua Beija Flor em frente à rampa,PRAIA DO MAGALHÃES,GOVERNADOR CELSO RAMOS,-48.562341862298,-27.402447663146
7,Rua Gregório Monteiro,PRAIA DA FAZENDA DA ARMAÇÃO,GOVERNADOR CELSO RAMOS,-48.5557192371,-27.3666263843177
8,Rua Gerino B. dos Santos - próximo ao riacho,PRAIA DA FAZENDA DA ARMAÇÃO,GOVERNADOR CELSO RAMOS,-48.551607055127,-27.36519175915
9,Rua Flamboiam,PRAIA DA GAMBOA,GOVERNADOR CELSO RAMOS,-48.5415388963312,-27.36756831265
10,Av. CARAVELAS,PRAIA GRANDE,GOVERNADOR CELSO RAMOS,-48.534884504671,-27.3645634503751
11,"Em frente a Rua 51, esq. Alameda das Laranjeiras. Direita do S.V.",PRAIA DE PALMAS,GOVERNADOR CELSO RAMOS,-48.531632986608,-27.3343682394682
72,FRENTE À RUA CANTO DA AMIZADE,LAGOA DA CONCEIÇÃO,FLORIANÓPOLIS,-48.4767697195375,-27.625928594462
73,RIOZINHO ( NO RIO ) FTE A SERV. FAMÍLIA NUNES,PRAIA DO CAMPECHE,FLORIANÓPOLIS,-48.48085497937,-27.6858958889468
3,Frente à rua Otto Fiedler,CANAL DO LINGUADO,BALNEÁRIO DA BARRA DO SUL,-48.628056,-26.44272
4,A DIREITA DO ACESSO PRINCIPAL – ESTRADA GERAL DA FERRUGEM,LAGOA DA FERRUGEM,GAROPABA,-48.632677,-28.082294
74,Lagoa do Peri em frente a sede do parque,LAGOA DO PERI,FLORIANÓPOLIS,-48.50937,-27.725931
5,Frente à avenida João Sacavem,PRAIA DE NAVEGANTES,NAVEGANTES,-48.642888,-26.902401
5,"RUA BEIRA RIO, NO RIO",PRAIA DA PINHEIRA,PALHOÇA,-48.594385,-27.851124
75,100 m a direita do Riozinho (no mar),PRAIA DO CAMPECHE,FLORIANÓPOLIS,-48.4801459,-27.687002
76,"Final da Av. dos Buzios, frente a rotatoria sentido Praia do Forte",PRAIA DE JURERE,FLORIANÓPOLIS,-48.5136214,-27.432235
77,"Frente a Rua Morro das Feiticeiras, no canto esquerdo",PRAIA DOS INGLESES,FLORIANÓPOLIS,-48.4023213,-27.420063
78,"Frente tubulacao, a esquerda do ponto 28",PRAIA DOS INGLESES,FLORIANÓPOLIS,-48.390789,-27.435549
79,Rotatoria no final Av Traugott Wildi,PRAIA BRAVA,FLORIANÓPOLIS,-48.414084,-27.393086
80,Frente a Rua Dep Otacilio Costa,PRAIA DA CACHOEIRA DO BOM JESUS,FLORIANÓPOLIS,-48.442027,-27.423563
81,Frente a Rua Afonso Cardoso da Veiga,PRAIA DE CANASVIEIRAS,FLORIANÓPOLIS,-48.45507,-27.426632
82,Frente a Rua Jose Daux,PRAIA DE CANASVIEIRAS,FLORIANÓPOLIS,-48.461534,-27.42692
83,"Frente a Rua Alcina Janis, no canal",PRAIA DE PONTA DAS CANAS,FLORIANÓPOLIS,-48.428132,-27.413658
5,Frente ao Posto Salva Vidas 11,PRAIA BRAVA,ITAJAÍ,-48.6290495,-26.957811
9,"Frente a rua Maceio, Frente Salva Vidas 05",PRAINHA DA ENSEADA,SÃO FRANCISCO DO SUL,-48.5007325,-26.231189
6,Frente Posto Salva Vidas Ponta do Papagaio,PRAIA DA PINHEIRA,PALHOÇA,-48.600424,-27.860287
13,Av. Ganchos altura n. 1008 a direita do trapiche,PRAIA DE GANCHOS,GOVERNADOR CELSO RAMOS,,
12,"Rua Deodoro Simas Custodio, esquerda do riacho",PRAIA DE CANTO DE GANCHOS,GOVERNADOR CELSO RAMOS,,
8,Esquerda do molhe central,PRAIA DO PORTO,IMBITUBA,,
15,Frente a Rua Jose Amaro da Cunha,PRAIA DO ESTALEIRINHO,BALNEÁRIO CAMBORIÚ,-48.589042,-27.048471
5,FTE ACESSO PRINCIPAL,PRAIA DA VIGIA,GAROPABA,-48.610119,-28.019234
7,FTE RUA DO GIRASSOL,PRAIA DE FORA,PALHOÇA,-48.627654,-27.746496
10,FTE RUA 1100,PRAIA DO PORTO,ITAPEMA,-48.593891,-27.062169
9,FTE A RUA RIO MADEIRA,PRAIA DE ZIMBROS,BOMBINHAS,-48.531372,-27.180233
84,Fte Rua das Hortencias,PRAIA DA DANIELA,FLORIANÓPOLIS,-48.535576,-27.447736
85,Frente Av dos Pampos,PRAIA DE JURERE INTERNACIONAL,FLORIANÓPOLIS,-48.508773,-27.4346
86,"Estr. Jornalista Jaime de A. Ramos, altura do n",PRAIA DA LAGOINHA,FLORIANÓPOLIS,-48.426678,-27.388906
87,"Rod. SC 406 km 10,5, frente ao acesso",PRAIA DO MOCAMBIQUE,FLORIANÓPOLIS,-48.416498,-27.523014
88,Fte Rua Aconchego do Mar,PRAIA DA BARRA DA LAGOA,FLORIANÓPOLIS,-48.426835,-27.571432
89,"Fte Posto Salva Vidas, fundos do CEEL",PRAIA DO CAMPECHE,FLORIANÓPOLIS,-48.476625,-27.669138
90,Areias do Campeche - Fte Rua Lomba do Sab,PRAIA DO CAMPECHE,FLORIANÓPOLIS,-48.489861,-27.697651
91,curva da SC 406,PRAIA DO MORRO DAS PEDRAS,FLORIANÓPOLIS,-48.503583,-27.717623
93,Fte Rua Algas Marinhas - A,PRAIA DO PANTANO DO SUL,FLORIANÓPOLIS,-48.524161,-27.783905
92,"Fte Lagoa do Peri, CALDEIRAO",PRAIA DA ARMAÇÃO DO PÂNTANO DO SUL,FLORIANÓPOLIS,-48.506814,-27.72685
